Symptoms,,,,,,,
Sneezing,running nose,an itchy nose,coughing,itchy eyes,watery eyes,,
Bleeding,Bloating,Constipation,Diarrhea,Heartburn,,,
Bleeding,Bloating,Constipation,Diarrhea,Heartburn,,,
Frequent urination,Increased thirst,Increased hunger,,,,,
Chest pain,chest tightness,chest pressure and chest discomfort,,,,,
Chest pain,chest tightness,chest pressure and chest discomfort,,,,,
Chest pain,chest tightness,chest pressure and chest discomfort,,,,,
Frequent urination,Increased thirst,Increased hunger,,,,,
Chest pain,chest tightness,chest pressure and chest discomfort,,,,,
Bleeding,Bloating,Constipation,Diarrhea,Heartburn,,,
Chest pain,chest tightness,chest pressure and chest discomfort,,,,,
hematomas,blood clots,strokes,swelling,,,,
Frequent urination,Increased thirst,Increased hunger,,,,,
Chest pain,chest tightness,chest pressure and chest discomfort,,,,,
Bleeding,Bloating,Constipation,Diarrhea,Heartburn,,,
Bleeding,Bloating,Constipation,Diarrhea,Heartburn,,,
Frequent urination,Increased thirst,Increased hunger,,,,,
Chest pain,chest tightness,chest pressure and chest discomfort,,,,,
Frequent urination,Blood in the urine,Pain or burning during urination,,,,,
Frequent urination,Blood in the urine,Pain or burning during urination,,,,,
Frequent urination,Increased thirst,Increased hunger,,,,,
Frequent urination,Blood in the urine,Pain or burning during urination,,,,,
Chest pain,chest tightness,chest pressure and chest discomfort,,,,,
Frequent urination,Blood in the urine,Pain or burning during urination,,,,,
Frequent urination,Increased thirst,Increased hunger,,,,,
Frequent urination,Increased thirst,Increased hunger,,,,,
Frequent urination,Increased thirst,Increased hunger,,,,,
Frequent urination,Blood in the urine,Pain or burning during urination,,,,,
Frequent urination,Blood in the urine,Pain or burning during urination,,,,,
Frequent urination,Blood in the urine,Pain or burning during urination,,,,,
Frequent urination,Blood in the urine,Pain or burning during urination,,,,,
Frequent urination,Increased thirst,Increased hunger,,,,,
Frequent urination,Blood in the urine,Pain or burning during urination,,,,,
Frequent urination,Increased thirst,Increased hunger,,,,,
Chest pain,chest tightness,chest pressure and chest discomfort,,,,,
Frequent urination,Blood in the urine,Pain or burning during urination,,,,,
Frequent urination,Blood in the urine,Pain or burning during urination,,,,,
Frequent urination,Increased thirst,Increased hunger,,,,,
Frequent urination,Increased thirst,Increased hunger,,,,,
Blood or blood clots in the urine,Pain or burning sensation during urination,Frequent urination,Lower back pain on 1 side of the body,,,,
Frequent urination,Blood in the urine,Pain or burning during urination,,,,,
Chest pain,chest tightness,chest pressure and chest discomfort,,,,,
Blood or blood clots in the urine,Pain or burning sensation during urination,Frequent urination,Lower back pain on 1 side of the body,,,,
Frequent urination,Increased thirst,Increased hunger,,,,,
Blood or blood clots in the urine,Pain or burning sensation during urination,Frequent urination,Lower back pain on 1 side of the body,,,,
Chest pain,chest tightness,chest pressure and chest discomfort,,,,,
Frequent urination,Increased thirst,Increased hunger,,,,,
Frequent urination,Increased thirst,Increased hunger,,,,,
Frequent urination,Increased thirst,Increased hunger,,,,,
Frequent urination,Blood in the urine,Pain or burning during urination,,,,,
Frequent urination,Blood in the urine,Pain or burning during urination,,,,,
Frequent urination,Blood in the urine,Pain or burning during urination,,,,,
Frequent urination,Blood in the urine,Pain or burning during urination,,,,,
Frequent urination,Blood in the urine,Pain or burning during urination,,,,,
Chest pain,chest tightness,chest pressure and chest discomfort,,,,,
Blood or blood clots in the urine,Pain or burning sensation during urination,Frequent urination,Lower back pain on 1 side of the body,,,,
Frequent urination,Increased thirst,Increased hunger,,,,,
Frequent urination,Blood in the urine,Pain or burning during urination,,,,,
Frequent urination,Blood in the urine,Pain or burning during urination,,,,,
Frequent urination,Blood in the urine,Pain or burning during urination,,,,,
Chest pain,chest tightness,chest pressure and chest discomfort,,,,,
Bleeding,Bloating,Constipation,Diarrhea,Heartburn,,,
Frequent urination,Increased thirst,Increased hunger,,,,,
Frequent urination,Blood in the urine,Pain or burning during urination,,,,,
Frequent urination,Blood in the urine,Pain or burning during urination,,,,,
Chest pain,chest tightness,chest pressure and chest discomfort,,,,,
Blood or blood clots in the urine,Pain or burning sensation during urination,Frequent urination,Lower back pain on 1 side of the body,,,,
Frequent urination,Increased thirst,Increased hunger,,,,,
Chest pain,chest tightness,chest pressure and chest discomfort,,,,,
Bleeding,Bloating,Constipation,Diarrhea,Heartburn,,,
Frequent urination,Increased thirst,Increased hunger,,,,,
Frequent urination,Increased thirst,Increased hunger,,,,,
Frequent urination,Increased thirst,Increased hunger,,,,,
Frequent urination,Increased thirst,Increased hunger,,,,,
Frequent urination,Blood in the urine,Pain or burning during urination,,,,,
Bleeding,Bloating,Constipation,Diarrhea,Heartburn,,,
Chest pain,chest tightness,chest pressure and chest discomfort,,,,,
Frequent urination,Increased thirst,Increased hunger,,,,,
Frequent urination,Blood in the urine,Pain or burning during urination,,,,,
Frequent urination,Increased thirst,Increased hunger,,,,,
Frequent urination,Blood in the urine,Pain or burning during urination,,,,,
Frequent urination,Increased thirst,Increased hunger,,,,,
Frequent urination,Blood in the urine,Pain or burning during urination,,,,,
Frequent urination,Increased thirst,Increased hunger,,,,,
Blood or blood clots in the urine,Pain or burning sensation during urination,Frequent urination,Lower back pain on 1 side of the body,,,,
Frequent urination,Blood in the urine,Pain or burning during urination,,,,,
Chest pain,chest tightness,chest pressure and chest discomfort,,,,,
Bleeding,Bloating,Constipation,Diarrhea,Heartburn,,,
Frequent urination,Increased thirst,Increased hunger,,,,,
Blood or blood clots in the urine,Pain or burning sensation during urination,Frequent urination,Lower back pain on 1 side of the body,,,,
Frequent urination,Blood in the urine,Pain or burning during urination,,,,,
Chest pain,chest tightness,chest pressure and chest discomfort,,,,,
Frequent urination,Blood in the urine,Pain or burning during urination,,,,,
Frequent urination,Increased thirst,Increased hunger,,,,,
Frequent urination,Blood in the urine,Pain or burning during urination,,,,,
Chest pain,chest tightness,chest pressure and chest discomfort,,,,,
Frequent urination,Increased thirst,Increased hunger,,,,,
Chest pain,chest tightness,chest pressure and chest discomfort,,,,,
Frequent urination,Increased thirst,Increased hunger,,,,,
A burning or aching sensation at the bulge,Pain or discomfort in your groin,especially when bending over,coughing or lifting,,,,
A burning or aching sensation at the bulge,Pain or discomfort in your groin,especially when bending over,coughing or lifting,shoulder pain,,,
A burning or aching sensation at the bulge,Pain or discomfort in your groin,especially when bending over,coughing or lifting,,,,
A burning or aching sensation at the bulge,Pain or discomfort in your groin,especially when bending over,coughing or lifting,,,,
A burning or aching sensation at the bulge,Pain or discomfort in your groin,especially when bending over,coughing or lifting,,,,
A burning or aching sensation at the bulge,Pain or discomfort in your groin,especially when bending over,coughing or lifting,,,,
A burning or aching sensation at the bulge,Pain or discomfort in your groin,especially when bending over,coughing or lifting,,,,
A burning or aching sensation at the bulge,Pain or discomfort in your groin,especially when bending over,coughing or lifting,,,,
Pain,Fullness,Pressure,Bloating,Urinary or bowel changes,,,
A burning or aching sensation at the bulge,Pain or discomfort in your groin,especially when bending over,coughing or lifting,,,,
pain and burning with urination,,,,,,,
pain and burning with urination,,,,,,,
pain and burning with urination,,,,,,,
pain and burning with urination,,,,,,,
pain and burning with urination,,,,,,,
pain and burning with urination,,,,,,,
pain and burning with urination,,,,,,,
pain and burning with urination,,,,,,,
pain and burning with urination,,,,,,,
pain and burning with urination,,,,,,,
pain and burning with urination,,,,,,,
pain and burning with urination,,,,,,,
pain and burning with urination,,,,,,,
pain and burning with urination,,,,,,,
Frequent urination,Blood in the urine,Pain or burning during urination,,,,,
Frequent urination,Blood in the urine,Pain or burning during urination,,,,,
Frequent urination,Blood in the urine,Pain or burning during urination,,,,,
Frequent urination,Blood in the urine,Pain or burning during urination,,,,,
Frequent urination,Blood in the urine,Pain or burning during urination,,,,,
Headaches,Personality or memory changes,Nausea or vomiting,,,,,
Headaches,Personality or memory changes,Nausea or vomiting,,,,,
Headaches,Personality or memory changes,Nausea or vomiting,,,,,
Headaches,Personality or memory changes,Nausea or vomiting,,,,,
Headaches,Personality or memory changes,Nausea or vomiting,,,,,
Headaches,Personality or memory changes,Nausea or vomiting,,,,,
Headaches,Personality or memory changes,Nausea or vomiting,,,,,
Abdominal pain and discomfort,Bleeding in the digestive tract,Constipation and Diarrhoea,Difficulty Swallowing.,,,,
Abdominal pain and discomfort,Bleeding in the digestive tract,Constipation and Diarrhoea,Difficulty Swallowing.,,,,
Abdominal pain and discomfort,Bleeding in the digestive tract,Constipation and Diarrhoea,Difficulty Swallowing.,,,,
Abdominal pain and discomfort,Bleeding in the digestive tract,Constipation and Diarrhoea,Difficulty Swallowing.,,,,
Abdominal pain and discomfort,Bleeding in the digestive tract,Constipation and Diarrhoea,Difficulty Swallowing.,,,,
Abdominal pain and discomfort,Bleeding in the digestive tract,Constipation and Diarrhoea,Difficulty Swallowing.,,,,
Abdominal pain and discomfort,Bleeding in the digestive tract,Constipation and Diarrhoea,Difficulty Swallowing.,,,,
Abdominal pain and discomfort,Bleeding in the digestive tract,Constipation and Diarrhoea,Difficulty Swallowing.,,,,
Abdominal pain and discomfort,Bleeding in the digestive tract,Constipation and Diarrhoea,Difficulty Swallowing.,,,,
Abdominal pain and discomfort,Bleeding in the digestive tract,Constipation and Diarrhoea,Difficulty Swallowing.,,,,
Abdominal pain and discomfort,Bleeding in the digestive tract,Constipation and Diarrhoea,Difficulty Swallowing.,,,,
Chest pain,chest tightness,chest pressure and chest discomfort,Shortness of breath,Pain in the neck,jaw,throat,upper abdomen or back
Chest pain,chest tightness,chest pressure and chest discomfort,Shortness of breath,Pain in the neck,jaw,throat,upper abdomen or back
Chest pain,chest tightness,chest pressure and chest discomfort,Shortness of breath,Pain in the neck,jaw,throat,upper abdomen or back
Chest pain,chest tightness,chest pressure and chest discomfort,Shortness of breath,Pain in the neck,jaw,throat,upper abdomen or back
Chest pain,chest tightness,chest pressure and chest discomfort,Shortness of breath,Pain in the neck,jaw,throat,upper abdomen or back
Chest pain,chest tightness,chest pressure and chest discomfort,Shortness of breath,Pain in the neck,jaw,throat,upper abdomen or back
Chest pain,chest tightness,chest pressure and chest discomfort,Shortness of breath,Pain in the neck,jaw,throat,upper abdomen or back
Chest pain,chest tightness,chest pressure and chest discomfort,Shortness of breath,Pain in the neck,jaw,throat,upper abdomen or back
Chest pain,chest tightness,chest pressure and chest discomfort,Shortness of breath,Pain in the neck,jaw,throat,upper abdomen or back
Chest pain,chest tightness,chest pressure and chest discomfort,Shortness of breath,Pain in the neck,jaw,throat,upper abdomen or back
Chest pain,chest tightness,chest pressure and chest discomfort,Shortness of breath,Pain in the neck,jaw,throat,upper abdomen or back
Chest pain,chest tightness,chest pressure and chest discomfort,Shortness of breath,Pain in the neck,jaw,throat,upper abdomen or back
Agitation,hostility or aggression,Alterations in energy levels,Anxiety,Confusion or disconnectedness,,,
Agitation,hostility or aggression,Alterations in energy levels,Anxiety,Confusion or disconnectedness,,,
Agitation,hostility or aggression,Alterations in energy levels,Anxiety,Confusion or disconnectedness,,,
Agitation,hostility or aggression,Alterations in energy levels,Anxiety,Confusion or disconnectedness,,,
Agitation,hostility or aggression,Alterations in energy levels,Anxiety,Confusion or disconnectedness,,,
Agitation,hostility or aggression,Alterations in energy levels,Anxiety,Confusion or disconnectedness,,,
Agitation,hostility or aggression,Alterations in energy levels,Anxiety,Confusion or disconnectedness,,,
Agitation,hostility or aggression,Alterations in energy levels,Anxiety,Confusion or disconnectedness,,,
Agitation,hostility or aggression,Alterations in energy levels,Anxiety,Confusion or disconnectedness,,,
Agitation,hostility or aggression,Alterations in energy levels,Anxiety,Confusion or disconnectedness,,,
Agitation,hostility or aggression,Alterations in energy levels,Anxiety,Confusion or disconnectedness,,,
Agitation,hostility or aggression,Alterations in energy levels,Anxiety,Confusion or disconnectedness,,,
Agitation,hostility or aggression,Alterations in energy levels,Anxiety,Confusion or disconnectedness,,,
Agitation,hostility or aggression,Alterations in energy levels,Anxiety,Confusion or disconnectedness,,,
Agitation,hostility or aggression,Alterations in energy levels,Anxiety,Confusion or disconnectedness,,,
Agitation,hostility or aggression,Alterations in energy levels,Anxiety,Confusion or disconnectedness,,,
Agitation,hostility or aggression,Alterations in energy levels,Anxiety,Confusion or disconnectedness,,,
Agitation,hostility or aggression,Alterations in energy levels,Anxiety,Confusion or disconnectedness,,,
Blood in urine,Painful urination,Difficulty urinating,A weakened urine stream,,,,
Blood in urine,Painful urination,Difficulty urinating,A weakened urine stream,,,,
Blood in urine,Painful urination,Difficulty urinating,A weakened urine stream,,,,
Blood in urine,Painful urination,Difficulty urinating,A weakened urine stream,,,,
Blood in urine,Painful urination,Difficulty urinating,A weakened urine stream,,,,
Blood in urine,Painful urination,Difficulty urinating,A weakened urine stream,,,,
Blood in urine,Painful urination,Difficulty urinating,A weakened urine stream,,,,
Blood in urine,Painful urination,Difficulty urinating,A weakened urine stream,,,,
Blood in urine,Painful urination,Difficulty urinating,A weakened urine stream,,,,
Blood in urine,Painful urination,Difficulty urinating,A weakened urine stream,,,,
Blood in urine,Painful urination,Difficulty urinating,A weakened urine stream,,,,
Blood in urine,Painful urination,Difficulty urinating,A weakened urine stream,,,,
Blood in urine,Painful urination,Difficulty urinating,A weakened urine stream,,,,
Blood in urine,Painful urination,Difficulty urinating,A weakened urine stream,,,,
Blood in urine,Painful urination,Difficulty urinating,A weakened urine stream,,,,
Blood in urine,Painful urination,Difficulty urinating,A weakened urine stream,,,,
Blood in urine,Painful urination,Difficulty urinating,A weakened urine stream,,,,
Blood in urine,Painful urination,Difficulty urinating,A weakened urine stream,,,,
Blood in urine,Painful urination,Difficulty urinating,A weakened urine stream,,,,
Blood in urine,Painful urination,Difficulty urinating,A weakened urine stream,,,,
Blood in urine,Painful urination,Difficulty urinating,A weakened urine stream,,,,
Blood in urine,Painful urination,Difficulty urinating,A weakened urine stream,,,,
Blood in urine,Painful urination,Difficulty urinating,A weakened urine stream,,,,
Blood in urine,Painful urination,Difficulty urinating,A weakened urine stream,,,,
Blood in urine,Painful urination,Difficulty urinating,A weakened urine stream,,,,
Blood in urine,Painful urination,Difficulty urinating,A weakened urine stream,,,,
Blood in urine,Painful urination,Difficulty urinating,A weakened urine stream,,,,
Partial or complete paralysis,Difficulty reading and writing,Muscle weakness,,,,,
Partial or complete paralysis,Difficulty reading and writing,Muscle weakness,,,,,
Partial or complete paralysis,Difficulty reading and writing,Muscle weakness,,,,,
Partial or complete paralysis,Difficulty reading and writing,Muscle weakness,,,,,
Partial or complete paralysis,Difficulty reading and writing,Muscle weakness,,,,,
Partial or complete paralysis,Difficulty reading and writing,Muscle weakness,,,,,
Partial or complete paralysis,Difficulty reading and writing,Muscle weakness,,,,,
Partial or complete paralysis,Difficulty reading and writing,Muscle weakness,,,,,
Partial or complete paralysis,Difficulty reading and writing,Muscle weakness,,,,,
Partial or complete paralysis,Difficulty reading and writing,Muscle weakness,,,,,
Partial or complete paralysis,Difficulty reading and writing,Muscle weakness,,,,,
Partial or complete paralysis,Difficulty reading and writing,Muscle weakness,,,,,
Partial or complete paralysis,Difficulty reading and writing,Muscle weakness,,,,,
Severe swelling (edema),particularly around your eyes and in your ankles and feet,Weight gain due to fluid retention,Loss of appetite.,,,,
Severe swelling (edema),particularly around your eyes and in your ankles and feet,Weight gain due to fluid retention,Loss of appetite.,,,,
Severe swelling (edema),particularly around your eyes and in your ankles and feet,Weight gain due to fluid retention,Loss of appetite.,,,,
Severe swelling (edema),particularly around your eyes and in your ankles and feet,Weight gain due to fluid retention,Loss of appetite.,,,,
Severe swelling (edema),particularly around your eyes and in your ankles and feet,Weight gain due to fluid retention,Loss of appetite.,,,,
Severe swelling (edema),particularly around your eyes and in your ankles and feet,Weight gain due to fluid retention,Loss of appetite.,,,,
Severe swelling (edema),particularly around your eyes and in your ankles and feet,Weight gain due to fluid retention,Loss of appetite.,,,,
Severe swelling (edema),particularly around your eyes and in your ankles and feet,Weight gain due to fluid retention,Loss of appetite.,,,,
Severe swelling (edema),particularly around your eyes and in your ankles and feet,Weight gain due to fluid retention,Loss of appetite.,,,,
Severe swelling (edema),particularly around your eyes and in your ankles and feet,Weight gain due to fluid retention,Loss of appetite.,,,,
Severe swelling (edema),particularly around your eyes and in your ankles and feet,Weight gain due to fluid retention,Loss of appetite.,,,,
Severe swelling (edema),particularly around your eyes and in your ankles and feet,Weight gain due to fluid retention,Loss of appetite.,,,,
Bad breath that won't go away,Red or swollen gums,Painful chewing,Sensitive teeth,,,,
Bad breath that won't go away,Red or swollen gums,Painful chewing,Sensitive teeth,,,,
Bad breath that won't go away,Red or swollen gums,Painful chewing,Sensitive teeth,,,,
Bad breath that won't go away,Red or swollen gums,Painful chewing,Sensitive teeth,,,,
Bad breath that won't go away,Red or swollen gums,Painful chewing,Sensitive teeth,,,,
Bad breath that won't go away,Red or swollen gums,Painful chewing,Sensitive teeth,,,,
Bad breath that won't go away,Red or swollen gums,Painful chewing,Sensitive teeth,,,,
Bad breath that won't go away,Red or swollen gums,Painful chewing,Sensitive teeth,,,,
Bad breath that won't go away,Red or swollen gums,Painful chewing,Sensitive teeth,,,,
Bad breath that won't go away,Red or swollen gums,Painful chewing,Sensitive teeth,,,,
Bad breath that won't go away,Red or swollen gums,Painful chewing,Sensitive teeth,,,,
Bad breath that won't go away,Red or swollen gums,Painful chewing,Sensitive teeth,,,,
Bad breath that won't go away,Red or swollen gums,Painful chewing,Sensitive teeth,,,,
Bad breath that won't go away,Red or swollen gums,Painful chewing,Sensitive teeth,,,,
Bad breath that won't go away,Red or swollen gums,Painful chewing,Sensitive teeth,,,,
Bad breath that won't go away,Red or swollen gums,Painful chewing,Sensitive teeth,,,,
Bad breath that won't go away,Red or swollen gums,Painful chewing,Sensitive teeth,,,,
Bad breath that won't go away,Red or swollen gums,Painful chewing,Sensitive teeth,,,,
Bad breath that won't go away,Red or swollen gums,Painful chewing,Sensitive teeth,,,,
Bad breath that won't go away,Red or swollen gums,Painful chewing,Sensitive teeth,,,,
Bad breath that won't go away,Red or swollen gums,Painful chewing,Sensitive teeth,,,,
Bad breath that won't go away,Red or swollen gums,Painful chewing,Sensitive teeth,,,,
Bad breath that won't go away,Red or swollen gums,Painful chewing,Sensitive teeth,,,,
Bad breath that won't go away,Red or swollen gums,Painful chewing,Sensitive teeth,,,,
Bad breath that won't go away,Red or swollen gums,Painful chewing,Sensitive teeth,,,,
Bad breath that won't go away,Red or swollen gums,Painful chewing,Sensitive teeth,,,,
Bad breath that won't go away,Red or swollen gums,Painful chewing,Sensitive teeth,,,,
Severe pain,Fever,Bloody stools,Persistent nausea and vomiting,Weight loss,,,
Severe pain,Fever,Bloody stools,Persistent nausea and vomiting,Weight loss,,,
Severe pain,Fever,Bloody stools,Persistent nausea and vomiting,Weight loss,,,
Severe pain,Fever,Bloody stools,Persistent nausea and vomiting,Weight loss,,,
Severe pain,Fever,Bloody stools,Persistent nausea and vomiting,Weight loss,,,
Severe pain,Fever,Bloody stools,Persistent nausea and vomiting,Weight loss,,,
mild pain and discomfort,sore throat,runny nose,noisy breathing,or bad breath,,,
mild pain and discomfort,sore throat,runny nose,noisy breathing,or bad breath,,,
mild pain and discomfort,sore throat,runny nose,noisy breathing,or bad breath,,,
mild pain and discomfort,sore throat,runny nose,noisy breathing,or bad breath,,,
mild pain and discomfort,sore throat,runny nose,noisy breathing,or bad breath,,,
mild pain and discomfort,sore throat,runny nose,noisy breathing,or bad breath,,,
mild pain and discomfort,sore throat,runny nose,noisy breathing,or bad breath,,,
mild pain and discomfort,sore throat,runny nose,noisy breathing,or bad breath,,,
mild pain and discomfort,sore throat,runny nose,noisy breathing,or bad breath,,,
mild pain and discomfort,sore throat,runny nose,noisy breathing,or bad breath,,,
mild pain and discomfort,sore throat,runny nose,noisy breathing,or bad breath,,,
mild pain and discomfort,sore throat,runny nose,noisy breathing,or bad breath,,,
mild pain and discomfort,sore throat,runny nose,noisy breathing,or bad breath,,,
mild pain and discomfort,sore throat,runny nose,noisy breathing,or bad breath,,,
Fatigue,Weakness,Shortness of breath,Irregular heartbeats,,,,
Fatigue,Weakness,Shortness of breath,Irregular heartbeats,,,,
Fatigue,Weakness,Shortness of breath,Irregular heartbeats,,,,
Fatigue,Weakness,Shortness of breath,Irregular heartbeats,,,,
Fatigue,Weakness,Shortness of breath,Irregular heartbeats,,,,
Fatigue,Weakness,Shortness of breath,Irregular heartbeats,,,,
Nausea and vomiting,Loss of appetite,Pain that worsens if you cough,walk,,,,
Nausea and vomiting,Loss of appetite,Pain that worsens if you cough,walk,,,,
Nausea and vomiting,Loss of appetite,Pain that worsens if you cough,walk,,,,
Nausea and vomiting,Loss of appetite,Pain that worsens if you cough,walk,,,,
Nausea and vomiting,Loss of appetite,Pain that worsens if you cough,walk,,,,
Nausea and vomiting,Loss of appetite,Pain that worsens if you cough,walk,,,,
Nausea and vomiting,Loss of appetite,Pain that worsens if you cough,walk,,,,
Nausea and vomiting,Loss of appetite,Pain that worsens if you cough,walk,,,,
Nausea and vomiting,Loss of appetite,Pain that worsens if you cough,walk,,,,
Nausea and vomiting,Loss of appetite,Pain that worsens if you cough,walk,,,,
Nausea and vomiting,Loss of appetite,Pain that worsens if you cough,walk,,,,
Low blood sugar,Malnutrition,Vomiting,Ulcers,,,,
Low blood sugar,Malnutrition,Vomiting,Ulcers,,,,
Low blood sugar,Malnutrition,Vomiting,Ulcers,,,,
Low blood sugar,Malnutrition,Vomiting,Ulcers,,,,
Low blood sugar,Malnutrition,Vomiting,Ulcers,,,,
Low blood sugar,Malnutrition,Vomiting,Ulcers,,,,
Low blood sugar,Malnutrition,Vomiting,Ulcers,,,,
Low blood sugar,Malnutrition,Vomiting,Ulcers,,,,
Dry Mouth & Mouth Pain,Fatigue,Nausea & Vomiting,Neutropenia,,,,
Dry Mouth & Mouth Pain,Fatigue,Nausea & Vomiting,Neutropenia,,,,
Dry Mouth & Mouth Pain,Fatigue,Nausea & Vomiting,Neutropenia,,,,
Dry Mouth & Mouth Pain,Fatigue,Nausea & Vomiting,Neutropenia,,,,
Dry Mouth & Mouth Pain,Fatigue,Nausea & Vomiting,Neutropenia,,,,
Dry Mouth & Mouth Pain,Fatigue,Nausea & Vomiting,Neutropenia,,,,
Dry Mouth & Mouth Pain,Fatigue,Nausea & Vomiting,Neutropenia,,,,
Dry Mouth & Mouth Pain,Fatigue,Nausea & Vomiting,Neutropenia,,,,
Dry Mouth & Mouth Pain,Fatigue,Nausea & Vomiting,Neutropenia,,,,
chest pain or angina,shortness of breath,fatigue,,,,,
chest pain or angina,shortness of breath,fatigue,,,,,
chest pain or angina,shortness of breath,fatigue,,,,,
chest pain or angina,shortness of breath,fatigue,,,,,
chest pain or angina,shortness of breath,fatigue,,,,,
chest pain or angina,shortness of breath,fatigue,,,,,
Inability to hold urine or leaking urine,Needing to urinate eight or more times in one day,Sudden and urgent need to urinate,,,,,
Inability to hold urine or leaking urine,Needing to urinate eight or more times in one day,Sudden and urgent need to urinate,,,,,
Inability to hold urine or leaking urine,Needing to urinate eight or more times in one day,Sudden and urgent need to urinate,,,,,
Inability to hold urine or leaking urine,Needing to urinate eight or more times in one day,Sudden and urgent need to urinate,,,,,
Inability to hold urine or leaking urine,Needing to urinate eight or more times in one day,Sudden and urgent need to urinate,,,,,
Inability to hold urine or leaking urine,Needing to urinate eight or more times in one day,Sudden and urgent need to urinate,,,,,
Inability to hold urine or leaking urine,Needing to urinate eight or more times in one day,Sudden and urgent need to urinate,,,,,
temperature,Sweating,Irritability,General weakness,high temperature,low temperature,,
Inability to hold urine or leaking urine,Needing to urinate eight or more times in one day,Sudden and urgent need to urinate,,,,,
Inability to hold urine or leaking urine,Needing to urinate eight or more times in one day,Sudden and urgent need to urinate,,,,,
Inability to hold urine or leaking urine,Needing to urinate eight or more times in one day,Sudden and urgent need to urinate,,,,,
Severe,sudden eye pain,Recurrent pain in or around the eye,Hazy,blurred,or double vision,Seeing floating ?spider webs?,
Severe,sudden eye pain,Recurrent pain in or around the eye,Hazy,blurred,or double vision,Seeing floating ?spider webs?,
Severe,sudden eye pain,Recurrent pain in or around the eye,Hazy,blurred,or double vision,Seeing floating ?spider webs?,
Severe,sudden eye pain,Recurrent pain in or around the eye,Hazy,blurred,or double vision,Seeing floating ?spider webs?,
Severe,sudden eye pain,Recurrent pain in or around the eye,Hazy,blurred,or double vision,Seeing floating ?spider webs?,
Severe,sudden eye pain,Recurrent pain in or around the eye,Hazy,blurred,or double vision,Seeing floating ?spider webs?,
Severe,sudden eye pain,Recurrent pain in or around the eye,Hazy,blurred,or double vision,Seeing floating ?spider webs?,
Severe,sudden eye pain,Recurrent pain in or around the eye,Hazy,blurred,or double vision,Seeing floating ?spider webs?,
Severe,sudden eye pain,Recurrent pain in or around the eye,Hazy,blurred,or double vision,Seeing floating ?spider webs?,
Severe,sudden eye pain,Recurrent pain in or around the eye,Hazy,blurred,or double vision,Seeing floating ?spider webs?,
,,,,,,,
,,,,,,,
,,,,,,,
,,,,,,,
,,,,,,,
,,,,,,,
,,,,,,,
,,,,,,,
,,,,,,,
,,,,,,,
lump in the breast,swelling of part of the breast,dimpling of breast skin,Redness,,,,
lump in the breast,swelling of part of the breast,dimpling of breast skin,Redness,,,,
lump in the breast,swelling of part of the breast,dimpling of breast skin,Redness,,,,
lump in the breast,swelling of part of the breast,dimpling of breast skin,Redness,,,,
lump in the breast,swelling of part of the breast,dimpling of breast skin,Redness,,,,
lump in the breast,swelling of part of the breast,dimpling of breast skin,Redness,,,,
lump in the breast,swelling of part of the breast,dimpling of breast skin,Redness,,,,
lump in the breast,swelling of part of the breast,dimpling of breast skin,Redness,,,,
lump in the breast,swelling of part of the breast,dimpling of breast skin,Redness,,,,
lump in the breast,swelling of part of the breast,dimpling of breast skin,Redness,,,,
lump in the breast,swelling of part of the breast,dimpling of breast skin,Redness,,,,
lump in the breast,swelling of part of the breast,dimpling of breast skin,Redness,,,,
lump in the breast,swelling of part of the breast,dimpling of breast skin,Redness,,,,
lump in the breast,swelling of part of the breast,dimpling of breast skin,Redness,,,,
lump in the breast,swelling of part of the breast,dimpling of breast skin,Redness,,,,
lump in the breast,swelling of part of the breast,dimpling of breast skin,Redness,,,,
lump in the breast,swelling of part of the breast,dimpling of breast skin,Redness,,,,
lump in the breast,swelling of part of the breast,dimpling of breast skin,Redness,,,,
lump in the breast,swelling of part of the breast,dimpling of breast skin,Redness,,,,
lump in the breast,swelling of part of the breast,dimpling of breast skin,Redness,,,,
lump in the breast,swelling of part of the breast,dimpling of breast skin,Redness,,,,
lump in the breast,swelling of part of the breast,dimpling of breast skin,Redness,,,,
lump in the breast,swelling of part of the breast,dimpling of breast skin,Redness,,,,
lump in the breast,swelling of part of the breast,dimpling of breast skin,Redness,,,,
lump in the breast,swelling of part of the breast,dimpling of breast skin,Redness,,,,
lump in the breast,swelling of part of the breast,dimpling of breast skin,Redness,,,,
lump in the breast,swelling of part of the breast,dimpling of breast skin,Redness,,,,
lump in the breast,swelling of part of the breast,dimpling of breast skin,Redness,,,,
Trouble breathing,Shortness of breath,A cough that won't go away,Coughing up blood or mucus.,,,,
Trouble breathing,Shortness of breath,A cough that won't go away,Coughing up blood or mucus.,,,,
Trouble breathing,Shortness of breath,A cough that won't go away,Coughing up blood or mucus.,,,,
Trouble breathing,Shortness of breath,A cough that won't go away,Coughing up blood or mucus.,,,,
Trouble breathing,Shortness of breath,A cough that won't go away,Coughing up blood or mucus.,,,,
Trouble breathing,Shortness of breath,A cough that won't go away,Coughing up blood or mucus.,,,,
Trouble breathing,Shortness of breath,A cough that won't go away,Coughing up blood or mucus.,,,,
Trouble breathing,Shortness of breath,A cough that won't go away,Coughing up blood or mucus.,,,,
Trouble breathing,Shortness of breath,A cough that won't go away,Coughing up blood or mucus.,,,,
Trouble breathing,Shortness of breath,A cough that won't go away,Coughing up blood or mucus.,,,,
Trouble breathing,Shortness of breath,A cough that won't go away,Coughing up blood or mucus.,,,,
Trouble breathing,Shortness of breath,A cough that won't go away,Coughing up blood or mucus.,,,,
Trouble breathing,Shortness of breath,A cough that won't go away,Coughing up blood or mucus.,,,,
Trouble breathing,Shortness of breath,A cough that won't go away,Coughing up blood or mucus.,,,,
Trouble breathing,Shortness of breath,A cough that won't go away,Coughing up blood or mucus.,,,,
Trouble breathing,Shortness of breath,A cough that won't go away,Coughing up blood or mucus.,,,,
Trouble breathing,Shortness of breath,A cough that won't go away,Coughing up blood or mucus.,,,,
Trouble breathing,Shortness of breath,A cough that won't go away,Coughing up blood or mucus.,,,,
Trouble breathing,Shortness of breath,A cough that won't go away,Coughing up blood or mucus.,,,,
Trouble breathing,Shortness of breath,A cough that won't go away,Coughing up blood or mucus.,,,,
Trouble breathing,Shortness of breath,A cough that won't go away,Coughing up blood or mucus.,,,,
Trouble breathing,Shortness of breath,A cough that won't go away,Coughing up blood or mucus.,,,,
Trouble breathing,Shortness of breath,A cough that won't go away,Coughing up blood or mucus.,,,,
Trouble breathing,Shortness of breath,A cough that won't go away,Coughing up blood or mucus.,,,,
Trouble breathing,Shortness of breath,A cough that won't go away,Coughing up blood or mucus.,,,,
Trouble breathing,Shortness of breath,A cough that won't go away,Coughing up blood or mucus.,,,,
Trouble breathing,Shortness of breath,A cough that won't go away,Coughing up blood or mucus.,,,,
Trouble breathing,Shortness of breath,A cough that won't go away,Coughing up blood or mucus.,,,,
Trouble breathing,Shortness of breath,A cough that won't go away,Coughing up blood or mucus.,,,,
Trouble breathing,Shortness of breath,A cough that won't go away,Coughing up blood or mucus.,,,,
Trouble breathing,Shortness of breath,A cough that won't go away,Coughing up blood or mucus.,,,,
Trouble breathing,Shortness of breath,A cough that won't go away,Coughing up blood or mucus.,,,,
Trouble breathing,Shortness of breath,A cough that won't go away,Coughing up blood or mucus.,,,,
Trouble breathing,Shortness of breath,A cough that won't go away,Coughing up blood or mucus.,,,,
Trouble breathing,Shortness of breath,A cough that won't go away,Coughing up blood or mucus.,,,,
Trouble breathing,Shortness of breath,A cough that won't go away,Coughing up blood or mucus.,,,,
Trouble breathing,Shortness of breath,A cough that won't go away,Coughing up blood or mucus.,,,,
Trouble breathing,Shortness of breath,A cough that won't go away,Coughing up blood or mucus.,,,,
Chest pain or discomfort,Weakness,light-headedness,nausea,or a cold sweat,Shortness of breath.,,
Chest pain or discomfort,Weakness,light-headedness,nausea,or a cold sweat,Shortness of breath.,,
Chest pain or discomfort,Weakness,light-headedness,nausea,or a cold sweat,Shortness of breath.,,
Chest pain or discomfort,Weakness,light-headedness,nausea,or a cold sweat,Shortness of breath.,,
Chest pain or discomfort,Weakness,light-headedness,nausea,or a cold sweat,Shortness of breath.,,
Chest pain or discomfort,Weakness,light-headedness,nausea,or a cold sweat,Shortness of breath.,,
Chest pain or discomfort,Weakness,light-headedness,nausea,or a cold sweat,Shortness of breath.,,
Chest pain or discomfort,Weakness,light-headedness,nausea,or a cold sweat,Shortness of breath.,,
Chest pain or discomfort,Weakness,light-headedness,nausea,or a cold sweat,Shortness of breath.,,
Chest pain or discomfort,Weakness,light-headedness,nausea,or a cold sweat,Shortness of breath.,,
Chest pain,chest tightness,chest pressure and chest discomfort,Shortness of breath.,,,,
Chest pain,chest tightness,chest pressure and chest discomfort,Shortness of breath.,,,,
Chest pain,chest tightness,chest pressure and chest discomfort,Shortness of breath.,,,,
Chest pain,chest tightness,chest pressure and chest discomfort,Shortness of breath.,,,,
Chest pain,chest tightness,chest pressure and chest discomfort,Shortness of breath.,,,,
Chest pain,chest tightness,chest pressure and chest discomfort,Shortness of breath.,,,,
Chest pain,chest tightness,chest pressure and chest discomfort,Shortness of breath.,,,,
Chest pain,chest tightness,chest pressure and chest discomfort,Shortness of breath.,,,,
Chest pain,chest tightness,chest pressure and chest discomfort,Shortness of breath.,,,,
Chest pain,chest tightness,chest pressure and chest discomfort,Shortness of breath.,,,,
Chest pain,chest tightness,chest pressure and chest discomfort,Shortness of breath.,,,,
Chest pain,chest tightness,chest pressure and chest discomfort,Shortness of breath.,,,,
Chest pain,chest tightness,chest pressure and chest discomfort,Shortness of breath.,,,,
Chest pain,chest tightness,chest pressure and chest discomfort,Shortness of breath.,,,,
Chest pain,chest tightness,chest pressure and chest discomfort,Shortness of breath.,,,,
Chest pain,chest tightness,chest pressure and chest discomfort,Shortness of breath.,,,,
Chest pain,chest tightness,chest pressure and chest discomfort,Shortness of breath.,,,,
Chest pain,chest tightness,chest pressure and chest discomfort,Shortness of breath.,,,,
Chest pain,chest tightness,chest pressure and chest discomfort,Shortness of breath.,,,,
Chest pain,chest tightness,chest pressure and chest discomfort,Shortness of breath.,,,,
Chest pain,chest tightness,chest pressure and chest discomfort,Shortness of breath.,,,,
Chest pain,chest tightness,chest pressure and chest discomfort,Shortness of breath.,,,,
Chest pain,chest tightness,chest pressure and chest discomfort,Shortness of breath.,,,,
Chest pain,chest tightness,chest pressure and chest discomfort,Shortness of breath.,,,,
Chest pain,chest tightness,chest pressure and chest discomfort,Shortness of breath.,,,,
Chest pain,chest tightness,chest pressure and chest discomfort,Shortness of breath.,,,,
Chest pain,chest tightness,chest pressure and chest discomfort,Shortness of breath.,,,,
Chest pain,chest tightness,chest pressure and chest discomfort,Shortness of breath.,,,,
Chest pain,chest tightness,chest pressure and chest discomfort,Shortness of breath.,,,,
Chest pain,chest tightness,chest pressure and chest discomfort,Shortness of breath.,,,,
Chest pain,chest tightness,chest pressure and chest discomfort,Shortness of breath.,,,,
Chest pain,chest tightness,chest pressure and chest discomfort,Shortness of breath.,,,,
Chest pain,chest tightness,chest pressure and chest discomfort,Shortness of breath.,,,,
Chest pain,chest tightness,chest pressure and chest discomfort,Shortness of breath.,,,,
Chest pain,chest tightness,chest pressure and chest discomfort,Shortness of breath.,,,,
Chest pain,chest tightness,chest pressure and chest discomfort,Shortness of breath.,,,,
Chest pain,chest tightness,chest pressure and chest discomfort,Shortness of breath.,,,,
Chest pain,chest tightness,chest pressure and chest discomfort,Shortness of breath.,,,,
Chest pain,chest tightness,chest pressure and chest discomfort,Shortness of breath.,,,,
Chest pain,chest tightness,chest pressure and chest discomfort,Shortness of breath.,,,,
Chest pain,chest tightness,chest pressure and chest discomfort,Shortness of breath.,,,,
Chest pain,chest tightness,chest pressure and chest discomfort,Shortness of breath.,,,,
Chest pain,chest tightness,chest pressure and chest discomfort,Shortness of breath.,,,,
Chest pain,chest tightness,chest pressure and chest discomfort,Shortness of breath.,,,,
Chest pain,chest tightness,chest pressure and chest discomfort,Shortness of breath.,,,,
Chest pain,chest tightness,chest pressure and chest discomfort,Shortness of breath.,,,,
Chest pain,chest tightness,chest pressure and chest discomfort,Shortness of breath.,,,,
Chest pain,chest tightness,chest pressure and chest discomfort,Shortness of breath.,,,,
Chest pain,chest tightness,chest pressure and chest discomfort,Shortness of breath.,,,,
Chest pain,chest tightness,chest pressure and chest discomfort,Shortness of breath.,,,,
Chest pain,chest tightness,chest pressure and chest discomfort,Shortness of breath.,,,,
Chest pain,chest tightness,chest pressure and chest discomfort,Shortness of breath.,,,,
Chest pain,chest tightness,chest pressure and chest discomfort,Shortness of breath.,,,,
Chest pain,chest tightness,chest pressure and chest discomfort,Shortness of breath.,,,,
Chest pain,chest tightness,chest pressure and chest discomfort,Shortness of breath.,,,,
Chest pain,chest tightness,chest pressure and chest discomfort,Shortness of breath.,,,,
Chest pain,chest tightness,chest pressure and chest discomfort,Shortness of breath.,,,,
Chest pain,chest tightness,chest pressure and chest discomfort,Shortness of breath.,,,,
Chest pain,chest tightness,chest pressure and chest discomfort,Shortness of breath.,,,,
Chest pain,chest tightness,chest pressure and chest discomfort,Shortness of breath.,,,,
Chest pain,chest tightness,chest pressure and chest discomfort,Shortness of breath.,,,,
Chest pain,chest tightness,chest pressure and chest discomfort,Shortness of breath.,,,,
Chest pain,chest tightness,chest pressure and chest discomfort,Shortness of breath.,,,,
Chest pain,chest tightness,chest pressure and chest discomfort,Shortness of breath.,,,,
Chest pain,chest tightness,chest pressure and chest discomfort,Shortness of breath.,,,,
Chest pain,chest tightness,chest pressure and chest discomfort,Shortness of breath.,,,,
Chest pain,chest tightness,chest pressure and chest discomfort,Shortness of breath.,,,,
Chest pain,chest tightness,chest pressure and chest discomfort,Shortness of breath.,,,,
Chest pain,chest tightness,chest pressure and chest discomfort,Shortness of breath.,,,,
Chest pain,chest tightness,chest pressure and chest discomfort,Shortness of breath.,,,,
Chest pain,chest tightness,chest pressure and chest discomfort,Shortness of breath.,,,,
Chest pain,chest tightness,chest pressure and chest discomfort,Shortness of breath.,,,,
Chest pain,chest tightness,chest pressure and chest discomfort,Shortness of breath.,,,,
Chest pain,chest tightness,chest pressure and chest discomfort,Shortness of breath.,,,,
Chest pain,chest tightness,chest pressure and chest discomfort,Shortness of breath.,,,,
Chest pain,chest tightness,chest pressure and chest discomfort,Shortness of breath.,,,,
Chest pain,chest tightness,chest pressure and chest discomfort,Shortness of breath.,,,,
Chest pain,chest tightness,chest pressure and chest discomfort,Shortness of breath.,,,,
Chest pain,chest tightness,chest pressure and chest discomfort,Shortness of breath.,,,,
Tingling or numbness,Weakness,,,,,,
Tingling or numbness,Weakness,,,,,,
Tingling or numbness,Weakness,,,,,,
Tingling or numbness,Weakness,,,,,,
Tingling or numbness,Weakness,,,,,,
Tingling or numbness,Weakness,,,,,,
Tingling or numbness,Weakness,,,,,,
Tingling or numbness,Weakness,,,,,,
Tingling or numbness,Weakness,,,,,,
Tingling or numbness,Weakness,,,,,,
Tingling or numbness,Weakness,,,,,,
Tingling or numbness,Weakness,,,,,,
Tingling or numbness,Weakness,,,,,,
Tingling or numbness,Weakness,,,,,,
Tingling or numbness,Weakness,,,,,,
Tingling or numbness,Weakness,,,,,,
Tingling or numbness,Weakness,,,,,,
Tingling or numbness,Weakness,,,,,,
Tingling or numbness,Weakness,,,,,,
Tingling or numbness,Weakness,,,,,,
Tingling or numbness,Weakness,,,,,,
Tingling or numbness,Weakness,,,,,,
Tingling or numbness,Weakness,,,,,,
Tingling or numbness,Weakness,,,,,,
Tingling or numbness,Weakness,,,,,,
Tingling or numbness,Weakness,,,,,,
Tingling or numbness,Weakness,,,,,,
Tingling or numbness,Weakness,,,,,,
Tingling or numbness,Weakness,,,,,,
Tingling or numbness,Weakness,,,,,,
Clouded,blurred or dim vision,Increasing difficulty with vision at night,Sensitivity to light and glare.,,,,
Clouded,blurred or dim vision,Increasing difficulty with vision at night,Sensitivity to light and glare.,,,,
Clouded,blurred or dim vision,Increasing difficulty with vision at night,Sensitivity to light and glare.,,,,
Clouded,blurred or dim vision,Increasing difficulty with vision at night,Sensitivity to light and glare.,,,,
Clouded,blurred or dim vision,Increasing difficulty with vision at night,Sensitivity to light and glare.,,,,
Clouded,blurred or dim vision,Increasing difficulty with vision at night,Sensitivity to light and glare.,,,,
Clouded,blurred or dim vision,Increasing difficulty with vision at night,Sensitivity to light and glare.,,,,
Clouded,blurred or dim vision,Increasing difficulty with vision at night,Sensitivity to light and glare.,,,,
Clouded,blurred or dim vision,Increasing difficulty with vision at night,Sensitivity to light and glare.,,,,
Clouded,blurred or dim vision,Increasing difficulty with vision at night,Sensitivity to light and glare.,,,,
Clouded,blurred or dim vision,Increasing difficulty with vision at night,Sensitivity to light and glare.,,,,
Clouded,blurred or dim vision,Increasing difficulty with vision at night,Sensitivity to light and glare.,,,,
Clouded,blurred or dim vision,Increasing difficulty with vision at night,Sensitivity to light and glare.,,,,
Clouded,blurred or dim vision,Increasing difficulty with vision at night,Sensitivity to light and glare.,,,,
Clouded,blurred or dim vision,Increasing difficulty with vision at night,Sensitivity to light and glare.,,,,
Back or neck pain,Nausea and/or vomiting,Pain radiating in the arms or legs,,,,,
Back or neck pain,Nausea and/or vomiting,Pain radiating in the arms or legs,,,,,
Back or neck pain,Nausea and/or vomiting,Pain radiating in the arms or legs,,,,,
Back or neck pain,Nausea and/or vomiting,Pain radiating in the arms or legs,,,,,
Back or neck pain,Nausea and/or vomiting,Pain radiating in the arms or legs,,,,,
Back or neck pain,Nausea and/or vomiting,Pain radiating in the arms or legs,,,,,
Back or neck pain,Nausea and/or vomiting,Pain radiating in the arms or legs,,,,,
Back or neck pain,Nausea and/or vomiting,Pain radiating in the arms or legs,,,,,
Back or neck pain,Nausea and/or vomiting,Pain radiating in the arms or legs,,,,,
Back or neck pain,Nausea and/or vomiting,Pain radiating in the arms or legs,,,,,
Pain,Nausea or vomiting,Fever or chills,Chronic diarrhea.,,,,
Pain,Nausea or vomiting,Fever or chills,Chronic diarrhea.,,,,
Pain,Nausea or vomiting,Fever or chills,Chronic diarrhea.,,,,
Pain,Nausea or vomiting,Fever or chills,Chronic diarrhea.,,,,
Pain,Nausea or vomiting,Fever or chills,Chronic diarrhea.,,,,
Pain,Nausea or vomiting,Fever or chills,Chronic diarrhea.,,,,
Pain,Nausea or vomiting,Fever or chills,Chronic diarrhea.,,,,
Pain,Nausea or vomiting,Fever or chills,Chronic diarrhea.,,,,
Pain,Nausea or vomiting,Fever or chills,Chronic diarrhea.,,,,
Pain,Nausea or vomiting,Fever or chills,Chronic diarrhea.,,,,
weight loss and poor appetite,swollen ankles,feet or hands,shortness of breath.,,,,
weight loss and poor appetite,swollen ankles,feet or hands,shortness of breath.,,,,
weight loss and poor appetite,swollen ankles,feet or hands,shortness of breath.,,,,
weight loss and poor appetite,swollen ankles,feet or hands,shortness of breath.,,,,
weight loss and poor appetite,swollen ankles,feet or hands,shortness of breath.,,,,
weight loss and poor appetite,swollen ankles,feet or hands,shortness of breath.,,,,
weight loss and poor appetite,swollen ankles,feet or hands,shortness of breath.,,,,
Rectal bleeding or blood in your stool,Persistent abdominal discomfort,such as cramps,gas or pain,,,,
Rectal bleeding or blood in your stool,Persistent abdominal discomfort,such as cramps,gas or pain,,,,
Rectal bleeding or blood in your stool,Persistent abdominal discomfort,such as cramps,gas or pain,,,,
Rectal bleeding or blood in your stool,Persistent abdominal discomfort,such as cramps,gas or pain,,,,
Rectal bleeding or blood in your stool,Persistent abdominal discomfort,such as cramps,gas or pain,,,,
Rectal bleeding or blood in your stool,Persistent abdominal discomfort,such as cramps,gas or pain,,,,
Rectal bleeding or blood in your stool,Persistent abdominal discomfort,such as cramps,gas or pain,,,,
Rectal bleeding or blood in your stool,Persistent abdominal discomfort,such as cramps,gas or pain,,,,
Rectal bleeding or blood in your stool,Persistent abdominal discomfort,such as cramps,gas or pain,,,,
Rectal bleeding or blood in your stool,Persistent abdominal discomfort,such as cramps,gas or pain,,,,
Rectal bleeding or blood in your stool,Persistent abdominal discomfort,such as cramps,gas or pain,,,,
Rectal bleeding or blood in your stool,Persistent abdominal discomfort,such as cramps,gas or pain,,,,
Rectal bleeding or blood in your stool,Persistent abdominal discomfort,such as cramps,gas or pain,,,,
Rectal bleeding or blood in your stool,Persistent abdominal discomfort,such as cramps,gas or pain,,,,
Rectal bleeding or blood in your stool,Persistent abdominal discomfort,such as cramps,gas or pain,,,,
Rectal bleeding or blood in your stool,Persistent abdominal discomfort,such as cramps,gas or pain,,,,
Rectal bleeding or blood in your stool,Persistent abdominal discomfort,such as cramps,gas or pain,,,,
Rectal bleeding or blood in your stool,Persistent abdominal discomfort,such as cramps,gas or pain,,,,
Rectal bleeding or blood in your stool,Persistent abdominal discomfort,such as cramps,gas or pain,,,,
Rectal bleeding or blood in your stool,Persistent abdominal discomfort,such as cramps,gas or pain,,,,
Rectal bleeding or blood in your stool,Persistent abdominal discomfort,such as cramps,gas or pain,,,,
Rectal bleeding or blood in your stool,Persistent abdominal discomfort,such as cramps,gas or pain,,,,
Rectal bleeding or blood in your stool,Persistent abdominal discomfort,such as cramps,gas or pain,,,,
Rectal bleeding or blood in your stool,Persistent abdominal discomfort,such as cramps,gas or pain,,,,
Rectal bleeding or blood in your stool,Persistent abdominal discomfort,such as cramps,gas or pain,,,,
Rectal bleeding or blood in your stool,Persistent abdominal discomfort,such as cramps,gas or pain,,,,
Rectal bleeding or blood in your stool,Persistent abdominal discomfort,such as cramps,gas or pain,,,,
Rectal bleeding or blood in your stool,Persistent abdominal discomfort,such as cramps,gas or pain,,,,
Rectal bleeding or blood in your stool,Persistent abdominal discomfort,such as cramps,gas or pain,,,,
Rectal bleeding or blood in your stool,Persistent abdominal discomfort,such as cramps,gas or pain,,,,
Rectal bleeding or blood in your stool,Persistent abdominal discomfort,such as cramps,gas or pain,,,,
Rectal bleeding or blood in your stool,Persistent abdominal discomfort,such as cramps,gas or pain,,,,
Rectal bleeding or blood in your stool,Persistent abdominal discomfort,such as cramps,gas or pain,,,,
Rectal bleeding or blood in your stool,Persistent abdominal discomfort,such as cramps,gas or pain,,,,
Rectal bleeding or blood in your stool,Persistent abdominal discomfort,such as cramps,gas or pain,,,,
Rectal bleeding or blood in your stool,Persistent abdominal discomfort,such as cramps,gas or pain,,,,
Rectal bleeding or blood in your stool,Persistent abdominal discomfort,such as cramps,gas or pain,,,,
Rectal bleeding or blood in your stool,Persistent abdominal discomfort,such as cramps,gas or pain,,,,
Rectal bleeding or blood in your stool,Persistent abdominal discomfort,such as cramps,gas or pain,,,,
Rectal bleeding or blood in your stool,Persistent abdominal discomfort,such as cramps,gas or pain,,,,
Rectal bleeding or blood in your stool,Persistent abdominal discomfort,such as cramps,gas or pain,,,,
Rectal bleeding or blood in your stool,Persistent abdominal discomfort,such as cramps,gas or pain,,,,
Rectal bleeding or blood in your stool,Persistent abdominal discomfort,such as cramps,gas or pain,,,,
Rectal bleeding or blood in your stool,Persistent abdominal discomfort,such as cramps,gas or pain,,,,
Rectal bleeding or blood in your stool,Persistent abdominal discomfort,such as cramps,gas or pain,,,,
Rectal bleeding or blood in your stool,Persistent abdominal discomfort,such as cramps,gas or pain,,,,
Rectal bleeding or blood in your stool,Persistent abdominal discomfort,such as cramps,gas or pain,,,,
Rectal bleeding or blood in your stool,Persistent abdominal discomfort,such as cramps,gas or pain,,,,
Rectal bleeding or blood in your stool,Persistent abdominal discomfort,such as cramps,gas or pain,,,,
Rectal bleeding or blood in your stool,Persistent abdominal discomfort,such as cramps,gas or pain,,,,
Rectal bleeding or blood in your stool,Persistent abdominal discomfort,such as cramps,gas or pain,,,,
Rectal bleeding or blood in your stool,Persistent abdominal discomfort,such as cramps,gas or pain,,,,
Rectal bleeding or blood in your stool,Persistent abdominal discomfort,such as cramps,gas or pain,,,,
Rectal bleeding or blood in your stool,Persistent abdominal discomfort,such as cramps,gas or pain,,,,
Rectal bleeding or blood in your stool,Persistent abdominal discomfort,such as cramps,gas or pain,,,,
Sore throat,Cough,Headache,Stuffy nose,Sneezing,,,
Sore throat,Cough,Headache,Stuffy nose,Sneezing,,,
Sore throat,Cough,Headache,Stuffy nose,Sneezing,,,
Sore throat,Cough,Headache,Stuffy nose,Sneezing,,,
Sore throat,Cough,Headache,Stuffy nose,Sneezing,,,
Sore throat,Cough,Headache,Stuffy nose,Sneezing,,,
Sore throat,Cough,Headache,Stuffy nose,Sneezing,,,
Sore throat,Cough,Headache,Stuffy nose,Sneezing,,,
Sore throat,Cough,Headache,Stuffy nose,Sneezing,,,
pain,weakness,stiffness,joint noises and decreased range of motion,,,,
pain,weakness,stiffness,joint noises and decreased range of motion,,,,
pain,weakness,stiffness,joint noises and decreased range of motion,,,,
pain,weakness,stiffness,joint noises and decreased range of motion,,,,
pain,weakness,stiffness,joint noises and decreased range of motion,,,,
pain,weakness,stiffness,joint noises and decreased range of motion,,,,
pain,weakness,stiffness,joint noises and decreased range of motion,,,,
pain,weakness,stiffness,joint noises and decreased range of motion,,,,
pain,weakness,stiffness,joint noises and decreased range of motion,,,,
pain,weakness,stiffness,joint noises and decreased range of motion,,,,
pain,weakness,stiffness,joint noises and decreased range of motion,,,,
pain,weakness,stiffness,joint noises and decreased range of motion,,,,
pain,weakness,stiffness,joint noises and decreased range of motion,,,,
pain,weakness,stiffness,joint noises and decreased range of motion,,,,
pain,weakness,stiffness,joint noises and decreased range of motion,,,,
pain,weakness,stiffness,joint noises and decreased range of motion,,,,
pain,weakness,stiffness,joint noises and decreased range of motion,,,,
pain,weakness,stiffness,joint noises and decreased range of motion,,,,
pain,weakness,stiffness,joint noises and decreased range of motion,,,,
pain,weakness,stiffness,joint noises and decreased range of motion,,,,
pain,weakness,stiffness,joint noises and decreased range of motion,,,,
pain,weakness,stiffness,joint noises and decreased range of motion,,,,
pain,weakness,stiffness,joint noises and decreased range of motion,,,,
pain,weakness,stiffness,joint noises and decreased range of motion,,,,
pain,weakness,stiffness,joint noises and decreased range of motion,,,,
pain,weakness,stiffness,joint noises and decreased range of motion,,,,
pain,weakness,stiffness,joint noises and decreased range of motion,,,,
pain,weakness,stiffness,joint noises and decreased range of motion,,,,
pain,weakness,stiffness,joint noises and decreased range of motion,,,,
pain,weakness,stiffness,joint noises and decreased range of motion,,,,
pain,weakness,stiffness,joint noises and decreased range of motion,,,,
pain,weakness,stiffness,joint noises and decreased range of motion,,,,
pain,weakness,stiffness,joint noises and decreased range of motion,,,,
pain,weakness,stiffness,joint noises and decreased range of motion,,,,
pain,weakness,stiffness,joint noises and decreased range of motion,,,,
pain,weakness,stiffness,joint noises and decreased range of motion,,,,
pain,weakness,stiffness,joint noises and decreased range of motion,,,,
pain,weakness,stiffness,joint noises and decreased range of motion,,,,
pain,weakness,stiffness,joint noises and decreased range of motion,,,,
pain,weakness,stiffness,joint noises and decreased range of motion,,,,
pain,weakness,stiffness,joint noises and decreased range of motion,,,,
pain,weakness,stiffness,joint noises and decreased range of motion,,,,
pain,weakness,stiffness,joint noises and decreased range of motion,,,,
pain,weakness,stiffness,joint noises and decreased range of motion,,,,
pain,weakness,stiffness,joint noises and decreased range of motion,,,,
pain,weakness,stiffness,joint noises and decreased range of motion,,,,
pain,weakness,stiffness,joint noises and decreased range of motion,,,,
pain,weakness,stiffness,joint noises and decreased range of motion,,,,
pain,weakness,stiffness,joint noises and decreased range of motion,,,,
pain,weakness,stiffness,joint noises and decreased range of motion,,,,
pain,weakness,stiffness,joint noises and decreased range of motion,,,,
pain,weakness,stiffness,joint noises and decreased range of motion,,,,
pain,weakness,stiffness,joint noises and decreased range of motion,,,,
pain,weakness,stiffness,joint noises and decreased range of motion,,,,
pain,weakness,stiffness,joint noises and decreased range of motion,,,,
pain,weakness,stiffness,joint noises and decreased range of motion,,,,
pain,weakness,stiffness,joint noises and decreased range of motion,,,,
pain,weakness,stiffness,joint noises and decreased range of motion,,,,
pain,weakness,stiffness,joint noises and decreased range of motion,,,,
pain,weakness,stiffness,joint noises and decreased range of motion,,,,
pain,weakness,stiffness,joint noises and decreased range of motion,,,,
pain,weakness,stiffness,joint noises and decreased range of motion,,,,
pain,weakness,stiffness,joint noises and decreased range of motion,,,,
pain,weakness,stiffness,joint noises and decreased range of motion,,,,
pain,weakness,stiffness,joint noises and decreased range of motion,,,,
pain,weakness,stiffness,joint noises and decreased range of motion,,,,
pain,weakness,stiffness,joint noises and decreased range of motion,,,,
pain,weakness,stiffness,joint noises and decreased range of motion,,,,
pain,weakness,stiffness,joint noises and decreased range of motion,,,,
pain,weakness,stiffness,joint noises and decreased range of motion,,,,
pain,weakness,stiffness,joint noises and decreased range of motion,,,,
pain,weakness,stiffness,joint noises and decreased range of motion,,,,
raised bumps that are red or white,a rash,which might be painful or itchy,scaly or rough skin,,,,
raised bumps that are red or white,a rash,which might be painful or itchy,scaly or rough skin,,,,
raised bumps that are red or white,a rash,which might be painful or itchy,scaly or rough skin,,,,
raised bumps that are red or white,a rash,which might be painful or itchy,scaly or rough skin,,,,
raised bumps that are red or white,a rash,which might be painful or itchy,scaly or rough skin,,,,
raised bumps that are red or white,a rash,which might be painful or itchy,scaly or rough skin,,,,
raised bumps that are red or white,a rash,which might be painful or itchy,scaly or rough skin,,,,
raised bumps that are red or white,a rash,which might be painful or itchy,scaly or rough skin,,,,
raised bumps that are red or white,a rash,which might be painful or itchy,scaly or rough skin,,,,
raised bumps that are red or white,a rash,which might be painful or itchy,scaly or rough skin,,,,
raised bumps that are red or white,a rash,which might be painful or itchy,scaly or rough skin,,,,
raised bumps that are red or white,a rash,which might be painful or itchy,scaly or rough skin,,,,
raised bumps that are red or white,a rash,which might be painful or itchy,scaly or rough skin,,,,
raised bumps that are red or white,a rash,which might be painful or itchy,scaly or rough skin,,,,
raised bumps that are red or white,a rash,which might be painful or itchy,scaly or rough skin,,,,
runny nose,cough,body aches,,,,,
raised bumps that are red or white,a rash,which might be painful or itchy,scaly or rough skin,,,,
raised bumps that are red or white,a rash,which might be painful or itchy,scaly or rough skin,,,,
raised bumps that are red or white,a rash,which might be painful or itchy,scaly or rough skin,,,,
raised bumps that are red or white,a rash,which might be painful or itchy,scaly or rough skin,,,,
raised bumps that are red or white,a rash,which might be painful or itchy,scaly or rough skin,,,,
raised bumps that are red or white,a rash,which might be painful or itchy,scaly or rough skin,,,,
raised bumps that are red or white,a rash,which might be painful or itchy,scaly or rough skin,,,,
raised bumps that are red or white,a rash,which might be painful or itchy,scaly or rough skin,,,,
raised bumps that are red or white,a rash,which might be painful or itchy,scaly or rough skin,,,,
raised bumps that are red or white,a rash,which might be painful or itchy,scaly or rough skin,,,,
raised bumps that are red or white,a rash,which might be painful or itchy,scaly or rough skin,,,,
Persistent or sudden onset of a headache,A headache that changes or is different,Loss of feeling or tingling.,,,,,
Persistent or sudden onset of a headache,A headache that changes or is different,Loss of feeling or tingling.,,,,,
Persistent or sudden onset of a headache,A headache that changes or is different,Loss of feeling or tingling.,,,,,
Persistent or sudden onset of a headache,A headache that changes or is different,Loss of feeling or tingling.,,,,,
Persistent or sudden onset of a headache,A headache that changes or is different,Loss of feeling or tingling.,,,,,
Persistent or sudden onset of a headache,A headache that changes or is different,Loss of feeling or tingling.,,,,,
Persistent or sudden onset of a headache,A headache that changes or is different,Loss of feeling or tingling.,,,,,
Persistent or sudden onset of a headache,A headache that changes or is different,Loss of feeling or tingling.,,,,,
Persistent or sudden onset of a headache,A headache that changes or is different,Loss of feeling or tingling.,,,,,
Persistent or sudden onset of a headache,A headache that changes or is different,Loss of feeling or tingling.,,,,,
Persistent or sudden onset of a headache,A headache that changes or is different,Loss of feeling or tingling.,,,,,
Persistent or sudden onset of a headache,A headache that changes or is different,Loss of feeling or tingling.,,,,,
Persistent or sudden onset of a headache,A headache that changes or is different,Loss of feeling or tingling.,,,,,
Persistent or sudden onset of a headache,A headache that changes or is different,Loss of feeling or tingling.,,,,,
Persistent or sudden onset of a headache,A headache that changes or is different,Loss of feeling or tingling.,,,,,
Persistent or sudden onset of a headache,A headache that changes or is different,Loss of feeling or tingling.,,,,,
Persistent or sudden onset of a headache,A headache that changes or is different,Loss of feeling or tingling.,,,,,
Persistent or sudden onset of a headache,A headache that changes or is different,Loss of feeling or tingling.,,,,,
Persistent or sudden onset of a headache,A headache that changes or is different,Loss of feeling or tingling.,,,,,
Persistent or sudden onset of a headache,A headache that changes or is different,Loss of feeling or tingling.,,,,,
Persistent or sudden onset of a headache,A headache that changes or is different,Loss of feeling or tingling.,,,,,
Persistent or sudden onset of a headache,A headache that changes or is different,Loss of feeling or tingling.,,,,,
Persistent or sudden onset of a headache,A headache that changes or is different,Loss of feeling or tingling.,,,,,
Persistent or sudden onset of a headache,A headache that changes or is different,Loss of feeling or tingling.,,,,,
Persistent or sudden onset of a headache,A headache that changes or is different,Loss of feeling or tingling.,,,,,
Persistent or sudden onset of a headache,A headache that changes or is different,Loss of feeling or tingling.,,,,,
Persistent or sudden onset of a headache,A headache that changes or is different,Loss of feeling or tingling.,,,,,
Persistent or sudden onset of a headache,A headache that changes or is different,Loss of feeling or tingling.,,,,,
Persistent or sudden onset of a headache,A headache that changes or is different,Loss of feeling or tingling.,,,,,
Persistent or sudden onset of a headache,A headache that changes or is different,Loss of feeling or tingling.,,,,,
Persistent or sudden onset of a headache,A headache that changes or is different,Loss of feeling or tingling.,,,,,
Persistent or sudden onset of a headache,A headache that changes or is different,Loss of feeling or tingling.,,,,,
Persistent or sudden onset of a headache,A headache that changes or is different,Loss of feeling or tingling.,,,,,
Persistent or sudden onset of a headache,A headache that changes or is different,Loss of feeling or tingling.,,,,,
Persistent or sudden onset of a headache,A headache that changes or is different,Loss of feeling or tingling.,,,,,
Persistent or sudden onset of a headache,A headache that changes or is different,Loss of feeling or tingling.,,,,,
Persistent or sudden onset of a headache,A headache that changes or is different,Loss of feeling or tingling.,,,,,
Persistent or sudden onset of a headache,A headache that changes or is different,Loss of feeling or tingling.,,,,,
Persistent or sudden onset of a headache,A headache that changes or is different,Loss of feeling or tingling.,,,,,
Persistent or sudden onset of a headache,A headache that changes or is different,Loss of feeling or tingling.,,,,,
Persistent or sudden onset of a headache,A headache that changes or is different,Loss of feeling or tingling.,,,,,
Persistent or sudden onset of a headache,A headache that changes or is different,Loss of feeling or tingling.,,,,,
Persistent or sudden onset of a headache,A headache that changes or is different,Loss of feeling or tingling.,,,,,
Persistent or sudden onset of a headache,A headache that changes or is different,Loss of feeling or tingling.,,,,,
Persistent or sudden onset of a headache,A headache that changes or is different,Loss of feeling or tingling.,,,,,
Persistent or sudden onset of a headache,A headache that changes or is different,Loss of feeling or tingling.,,,,,
Persistent or sudden onset of a headache,A headache that changes or is different,Loss of feeling or tingling.,,,,,
Persistent or sudden onset of a headache,A headache that changes or is different,Loss of feeling or tingling.,,,,,
Persistent or sudden onset of a headache,A headache that changes or is different,Loss of feeling or tingling.,,,,,
Persistent or sudden onset of a headache,A headache that changes or is different,Loss of feeling or tingling.,,,,,
Persistent or sudden onset of a headache,A headache that changes or is different,Loss of feeling or tingling.,,,,,
Persistent or sudden onset of a headache,A headache that changes or is different,Loss of feeling or tingling.,,,,,
Persistent or sudden onset of a headache,A headache that changes or is different,Loss of feeling or tingling.,,,,,
Persistent or sudden onset of a headache,A headache that changes or is different,Loss of feeling or tingling.,,,,,
Persistent or sudden onset of a headache,A headache that changes or is different,Loss of feeling or tingling.,,,,,
Persistent or sudden onset of a headache,A headache that changes or is different,Loss of feeling or tingling.,,,,,
Persistent or sudden onset of a headache,A headache that changes or is different,Loss of feeling or tingling.,,,,,
Persistent or sudden onset of a headache,A headache that changes or is different,Loss of feeling or tingling.,,,,,
Persistent or sudden onset of a headache,A headache that changes or is different,Loss of feeling or tingling.,,,,,
Persistent or sudden onset of a headache,A headache that changes or is different,Loss of feeling or tingling.,,,,,
Persistent or sudden onset of a headache,A headache that changes or is different,Loss of feeling or tingling.,,,,,
Persistent or sudden onset of a headache,A headache that changes or is different,Loss of feeling or tingling.,,,,,
Persistent or sudden onset of a headache,A headache that changes or is different,Loss of feeling or tingling.,,,,,
Persistent or sudden onset of a headache,A headache that changes or is different,Loss of feeling or tingling.,,,,,
Persistent or sudden onset of a headache,A headache that changes or is different,Loss of feeling or tingling.,,,,,
Persistent or sudden onset of a headache,A headache that changes or is different,Loss of feeling or tingling.,,,,,
Persistent or sudden onset of a headache,A headache that changes or is different,Loss of feeling or tingling.,,,,,
Persistent or sudden onset of a headache,A headache that changes or is different,Loss of feeling or tingling.,,,,,
Persistent or sudden onset of a headache,A headache that changes or is different,Loss of feeling or tingling.,,,,,
Persistent or sudden onset of a headache,A headache that changes or is different,Loss of feeling or tingling.,,,,,
Persistent or sudden onset of a headache,A headache that changes or is different,Loss of feeling or tingling.,,,,,
Persistent or sudden onset of a headache,A headache that changes or is different,Loss of feeling or tingling.,,,,,
Persistent or sudden onset of a headache,A headache that changes or is different,Loss of feeling or tingling.,,,,,
Persistent or sudden onset of a headache,A headache that changes or is different,Loss of feeling or tingling.,,,,,
Persistent or sudden onset of a headache,A headache that changes or is different,Loss of feeling or tingling.,,,,,
Persistent or sudden onset of a headache,A headache that changes or is different,Loss of feeling or tingling.,,,,,
Persistent or sudden onset of a headache,A headache that changes or is different,Loss of feeling or tingling.,,,,,
Persistent or sudden onset of a headache,A headache that changes or is different,Loss of feeling or tingling.,,,,,
Persistent or sudden onset of a headache,A headache that changes or is different,Loss of feeling or tingling.,,,,,
Persistent or sudden onset of a headache,A headache that changes or is different,Loss of feeling or tingling.,,,,,
Persistent or sudden onset of a headache,A headache that changes or is different,Loss of feeling or tingling.,,,,,
Persistent or sudden onset of a headache,A headache that changes or is different,Loss of feeling or tingling.,,,,,
Persistent or sudden onset of a headache,A headache that changes or is different,Loss of feeling or tingling.,,,,,
Persistent or sudden onset of a headache,A headache that changes or is different,Loss of feeling or tingling.,,,,,
Persistent or sudden onset of a headache,A headache that changes or is different,Loss of feeling or tingling.,,,,,
Persistent or sudden onset of a headache,A headache that changes or is different,Loss of feeling or tingling.,,,,,
Persistent or sudden onset of a headache,A headache that changes or is different,Loss of feeling or tingling.,,,,,
Persistent or sudden onset of a headache,A headache that changes or is different,Loss of feeling or tingling.,,,,,
Persistent or sudden onset of a headache,A headache that changes or is different,Loss of feeling or tingling.,,,,,
Persistent or sudden onset of a headache,A headache that changes or is different,Loss of feeling or tingling.,,,,,
Persistent or sudden onset of a headache,A headache that changes or is different,Loss of feeling or tingling.,,,,,
Persistent or sudden onset of a headache,A headache that changes or is different,Loss of feeling or tingling.,,,,,
ill and premature,,,,,,,
ill and premature,,,,,,,
ill and premature,,,,,,,
ill and premature,,,,,,,
ill and premature,,,,,,,
ill and premature,,,,,,,
ill and premature,,,,,,,
ill and premature,,,,,,,
ill and premature,,,,,,,
ill and premature,,,,,,,
ill and premature,,,,,,,
ill and premature,,,,,,,
ill and premature,,,,,,,
ill and premature,,,,,,,
ill and premature,,,,,,,
ill and premature,,,,,,,
ill and premature,,,,,,,
ill and premature,,,,,,,
ill and premature,,,,,,,
ill and premature,,,,,,,
ill and premature,,,,,,,
ill and premature,,,,,,,
ill and premature,,,,,,,
ill and premature,,,,,,,
ill and premature,,,,,,,
ill and premature,,,,,,,
ill and premature,,,,,,,
ill and premature,,,,,,,
ill and premature,,,,,,,
ill and premature,,,,,,,
ill and premature,,,,,,,
ill and premature,,,,,,,
ill and premature,,,,,,,
ill and premature,,,,,,,
ill and premature,,,,,,,
swelling,left shoulder pain,right shoulder pain,and stiffness,,,,
ill and premature,,,,,,,
ill and premature,,,,,,,
ill and premature,,,,,,,
ill and premature,,,,,,,
ill and premature,,,,,,,
ill and premature,,,,,,,
ill and premature,,,,,,,
ill and premature,,,,,,,
ill and premature,,,,,,,
ill and premature,,,,,,,
ill and premature,,,,,,,
ill and premature,,,,,,,
ill and premature,,,,,,,
ill and premature,,,,,,,
ill and premature,,,,,,,
ill and premature,,,,,,,
ill and premature,,,,,,,
ill and premature,,,,,,,
ill and premature,,,,,,,
ill and premature,,,,,,,
ill and premature,,,,,,,
ill and premature,,,,,,,
ill and premature,,,,,,,
ill and premature,,,,,,,
ill and premature,,,,,,,
ill and premature,,,,,,,
ill and premature,,,,,,,
ill and premature,,,,,,,
Immediate,throbbing pain,Swelling,Bruising,,,,
Immediate,throbbing pain,Swelling,Bruising,,,,
Immediate,throbbing pain,Swelling,Bruising,,,,
Immediate,throbbing pain,Swelling,Bruising,,,,
Immediate,throbbing pain,Swelling,Bruising,,,,
Immediate,throbbing pain,Swelling,Bruising,,,,
Immediate,throbbing pain,Swelling,Bruising,,,,
Immediate,throbbing pain,Swelling,Bruising,,,,
Immediate,throbbing pain,Swelling,Bruising,,,,
Immediate,throbbing pain,Swelling,Bruising,,,,
Immediate,throbbing pain,Swelling,Bruising,,,,
Immediate,throbbing pain,Swelling,Bruising,,,,
Immediate,throbbing pain,Swelling,Bruising,,,,
Immediate,throbbing pain,Swelling,Bruising,,,,
Immediate,throbbing pain,Swelling,Bruising,,,,
Immediate,throbbing pain,Swelling,Bruising,,,,
Immediate,throbbing pain,Swelling,Bruising,,,,
Immediate,throbbing pain,Swelling,Bruising,,,,
Immediate,throbbing pain,Swelling,Bruising,,,,
Immediate,throbbing pain,Swelling,Bruising,,,,
Immediate,throbbing pain,Swelling,Bruising,,,,
Immediate,throbbing pain,Swelling,Bruising,,,,
BACK PAIN,low back pain,Muscle or ligament strain,back pain,,,,
high fever,ever,dry cough,tiredness,sore throat,diarrhoea,headache,loss of taste or smell
Immediate,throbbing pain,Swelling,Bruising,,,,
Immediate,throbbing pain,Swelling,Bruising,,,,
Immediate,throbbing pain,Swelling,Bruising,,,,
Immediate,throbbing pain,Swelling,Bruising,,,,
Immediate,throbbing pain,Swelling,Bruising,,,,
Immediate,throbbing pain,Swelling,Bruising,,,,
Immediate,throbbing pain,Swelling,Bruising,,,,
Immediate,throbbing pain,Swelling,Bruising,,,,
Immediate,throbbing pain,Swelling,Bruising,,,,
Immediate,throbbing pain,Swelling,Bruising,,,,
Immediate,throbbing pain,Swelling,Bruising,,,,
Immediate,throbbing pain,Swelling,Bruising,,,,
Immediate,throbbing pain,Swelling,Bruising,,,,
Immediate,throbbing pain,Swelling,Bruising,,,,
Immediate,throbbing pain,Swelling,Bruising,,,,
Immediate,throbbing pain,Swelling,Bruising,,,,
Immediate,throbbing pain,Swelling,Bruising,,,,
Immediate,throbbing pain,Swelling,Bruising,,,,
A dull ache,Throbbing,Burning,Squeezing,,,,
A dull ache,Throbbing,Burning,Squeezing,,,,
A dull ache,Throbbing,Burning,Squeezing,,,,
A dull ache,Throbbing,Burning,Squeezing,,,,
A dull ache,Throbbing,Burning,Squeezing,,,,
A dull ache,Throbbing,Burning,Squeezing,,,,
A dull ache,Throbbing,Burning,Squeezing,,,,
A dull ache,Throbbing,Burning,Squeezing,,,,
A dull ache,Throbbing,Burning,Squeezing,,,,
A dull ache,Throbbing,Burning,Squeezing,,,,
A dull ache,Throbbing,Burning,Squeezing,,,,
A dull ache,Throbbing,Burning,Squeezing,,,,
A dull ache,Throbbing,Burning,Squeezing,,,,
A dull ache,Throbbing,Burning,Squeezing,,,,
A dull ache,Throbbing,Burning,Squeezing,,,,
A dull ache,Throbbing,Burning,Squeezing,,,,
A dull ache,Throbbing,Burning,Squeezing,,,,
A dull ache,Throbbing,Burning,Squeezing,,,,
A dull ache,Throbbing,Burning,Squeezing,,,,
A dull ache,Throbbing,Burning,Squeezing,,,,
A dull ache,Throbbing,Burning,Squeezing,,,,
A dull ache,Throbbing,Burning,Squeezing,,,,
A dull ache,Throbbing,Burning,Squeezing,,,,
A dull ache,Throbbing,Burning,Squeezing,,,,
A dull ache,Throbbing,Burning,Squeezing,,,,
A dull ache,Throbbing,Burning,Squeezing,,,,
shoulder pain,,,,,,,
A dull ache,Throbbing,Burning,Squeezing,,,,
A dull ache,Throbbing,Burning,Squeezing,,,,
A dull ache,Throbbing,Burning,Squeezing,,,,
A dull ache,Throbbing,Burning,Squeezing,,,,
A dull ache,Throbbing,Burning,Squeezing,,,,
A dull ache,Throbbing,Burning,Squeezing,,,,
A dull ache,Throbbing,Burning,Squeezing,,,,
A dull ache,Throbbing,Burning,Squeezing,,,,
A dull ache,Throbbing,Burning,Squeezing,,,,
A dull ache,Throbbing,Burning,Squeezing,,,,
A dull ache,Throbbing,Burning,Squeezing,,,,
A dull ache,Throbbing,Burning,Squeezing,,,,
A dull ache,Throbbing,Burning,Squeezing,,,,
A dull ache,Throbbing,Burning,Squeezing,,,,
A dull ache,Throbbing,Burning,Squeezing,,,,
A dull ache,Throbbing,Burning,Squeezing,,,,
A dull ache,Throbbing,Burning,Squeezing,,,,
A dull ache,Throbbing,Burning,Squeezing,,,,
A dull ache,Throbbing,Burning,Squeezing,,,,
A dull ache,Throbbing,Burning,Squeezing,,,,
A dull ache,Throbbing,Burning,Squeezing,,,,
A dull ache,Throbbing,Burning,Squeezing,,,,
A dull ache,Throbbing,Burning,Squeezing,,,,
A dull ache,Throbbing,Burning,Squeezing,,,,
A dull ache,Throbbing,Burning,Squeezing,,,,
A dull ache,Throbbing,Burning,Squeezing,,,,
Severe,sudden eye pain,Hazy,blurred,or double vision.,,,
Severe,sudden eye pain,Hazy,blurred,or double vision.,,,
Severe,sudden eye pain,Hazy,blurred,or double vision.,,,
Severe,sudden eye pain,Hazy,blurred,or double vision.,,,
Severe,sudden eye pain,Hazy,blurred,or double vision.,,,
Severe,sudden eye pain,Hazy,blurred,or double vision.,,,
Severe,sudden eye pain,Hazy,blurred,or double vision.,,,
Severe,sudden eye pain,Hazy,blurred,or double vision.,,,
Severe,sudden eye pain,Hazy,blurred,or double vision.,,,
Severe,sudden eye pain,Hazy,blurred,or double vision.,,,
Severe,sudden eye pain,Hazy,blurred,or double vision.,,,
Severe,sudden eye pain,Hazy,blurred,or double vision.,,,
Severe,sudden eye pain,Hazy,blurred,or double vision.,,,
Severe,sudden eye pain,Hazy,blurred,or double vision.,,,
Severe,sudden eye pain,Hazy,blurred,or double vision.,,,
Severe,sudden eye pain,Hazy,blurred,or double vision.,,,
Severe,sudden eye pain,Hazy,blurred,or double vision.,,,
Severe,sudden eye pain,Hazy,blurred,or double vision.,,,
Severe,sudden eye pain,Hazy,blurred,or double vision.,,,
Severe,sudden eye pain,Hazy,blurred,or double vision.,,,
Severe,sudden eye pain,Hazy,blurred,or double vision.,,,
Severe,sudden eye pain,Hazy,blurred,or double vision.,,,
Severe,sudden eye pain,Hazy,blurred,or double vision.,,,
Severe,sudden eye pain,Hazy,blurred,or double vision.,,,
Severe,sudden eye pain,Hazy,blurred,or double vision.,,,
Severe,sudden eye pain,Hazy,blurred,or double vision.,,,
Severe,sudden eye pain,Hazy,blurred,or double vision.,,,
Severe,sudden eye pain,Hazy,blurred,or double vision.,,,
Severe,sudden eye pain,Hazy,blurred,or double vision.,,,
Severe,sudden eye pain,Hazy,blurred,or double vision.,,,
Severe,sudden eye pain,Hazy,blurred,or double vision.,,,
Severe,sudden eye pain,Hazy,blurred,or double vision.,,,
Severe,sudden eye pain,Hazy,blurred,or double vision.,,,
Severe,sudden eye pain,Hazy,blurred,or double vision.,,,
Severe,sudden eye pain,Hazy,blurred,or double vision.,,,
Severe,sudden eye pain,Hazy,blurred,or double vision.,,,
Severe,sudden eye pain,Hazy,blurred,or double vision.,,,
Severe,sudden eye pain,Hazy,blurred,or double vision.,,,
Severe,sudden eye pain,Hazy,blurred,or double vision.,,,
Severe,sudden eye pain,Hazy,blurred,or double vision.,,,
Severe,sudden eye pain,Hazy,blurred,or double vision.,,,
Severe,sudden eye pain,Hazy,blurred,or double vision.,,,
Severe,sudden eye pain,Hazy,blurred,or double vision.,,,
Severe,sudden eye pain,Hazy,blurred,or double vision.,,,
Severe,sudden eye pain,Hazy,blurred,or double vision.,,,
Severe,sudden eye pain,Hazy,blurred,or double vision.,,,
Severe,sudden eye pain,Hazy,blurred,or double vision.,,,
Severe,sudden eye pain,Hazy,blurred,or double vision.,,,
Severe,sudden eye pain,Hazy,blurred,or double vision.,,,
Severe,sudden eye pain,Hazy,blurred,or double vision.,,,
Severe,sudden eye pain,Hazy,blurred,or double vision.,,,
Severe,sudden eye pain,Hazy,blurred,or double vision.,,,
Severe,sudden eye pain,Hazy,blurred,or double vision.,,,
Severe,sudden eye pain,Hazy,blurred,or double vision.,,,
Severe,sudden eye pain,Hazy,blurred,or double vision.,,,
Severe,sudden eye pain,Hazy,blurred,or double vision.,,,
Severe,sudden eye pain,Hazy,blurred,or double vision.,,,
Severe,sudden eye pain,Hazy,blurred,or double vision.,,,
Severe,sudden eye pain,Hazy,blurred,or double vision.,,,
Severe,sudden eye pain,Hazy,blurred,or double vision.,,,
Severe,sudden eye pain,Hazy,blurred,or double vision.,,,
Severe,sudden eye pain,Hazy,blurred,or double vision.,,,
Severe,sudden eye pain,Hazy,blurred,or double vision.,,,
Severe,sudden eye pain,Hazy,blurred,or double vision.,,,
Severe,sudden eye pain,Hazy,blurred,or double vision.,,,
Severe,sudden eye pain,Hazy,blurred,or double vision.,,,
Severe,sudden eye pain,Hazy,blurred,or double vision.,,,
Severe,sudden eye pain,Hazy,blurred,or double vision.,,,
Severe,sudden eye pain,Hazy,blurred,or double vision.,,,
Severe,sudden eye pain,Hazy,blurred,or double vision.,,,
Severe,sudden eye pain,Hazy,blurred,or double vision.,,,
Severe,sudden eye pain,Hazy,blurred,or double vision.,,,
Severe,sudden eye pain,Hazy,blurred,or double vision.,,,
Severe,sudden eye pain,Hazy,blurred,or double vision.,,,
Severe,sudden eye pain,Hazy,blurred,or double vision.,,,
Severe,sudden eye pain,Hazy,blurred,or double vision.,,,
Severe,sudden eye pain,Hazy,blurred,or double vision.,,,
Severe,sudden eye pain,Hazy,blurred,or double vision.,,,
Severe,sudden eye pain,Hazy,blurred,or double vision.,,,
Severe,sudden eye pain,Hazy,blurred,or double vision.,,,
Severe,sudden eye pain,Hazy,blurred,or double vision.,,,
Severe,sudden eye pain,Hazy,blurred,or double vision.,,,
persistent urge to urinate,pain and burning with urination,extremely strong-smelling urine,,,,,
chest pain,vomiting,nausia,,,,,
